0: Zorientowany na obiekt stan emocjonalny,"[""panoszyć się"",
    ""grzeszyć"",
    ""szarogęsić się"",
    ""zapominać się"",
    ""figlować"",
    ""błaznować"",
    ""swawolić"",
    ""wygłupiać się"",
    ""rozrabiać"",
    ""konserwować się"",
    ""rządzić się"",
    ""pogardzać"",
    ""dystansować się"",
    ""zachowywać się"",
    ""reklamować"",
    ""wyśmiewać"",
    ""umartwiać"",
    ""tchórzyć"",
    ""omijać szerokim łukiem"",
    ""zacierać"",
    ""naśladować"",
    ""sprawować się"",
    ""posuwać się"",
    ""schlebiać"",
    ""czapkować"",
    ""lekceważyć"",
    ""odnosić się"",
    ""marnować"",
    ""potępić"",
    ""cackać się"",
    ""przeszacować"",
    ""obchodzić się"",
    ""skrytykować"",
    ""o kant dupy potłuc"",
    ""dawać"",
    ""mieć za nic"",
    ""wziąć poprawkę"",
    ""wpaść po rozum do głowy"",
    ""forować"",
    ""podcierać się"",
    ""pluć w twarz"",
    ""zakombinować"",
    ""uniewinniać"",
    ""zaszeregować"",
    ""urządzić"",
    ""cyckać się"",
    ""pomijać"",
    ""oszacować"",
    ""uwzględnić"",
    ""faworyzować"",
    ""zbywać"",
    ""robić z tata wariata"",
    ""estetyzować"",
    ""wyślizgać"",
    ""obniżyć"",
    ""szerzyć"",
    ""zarekwirować"",
    ""przepuścić"",
    ""odgarnąć"",
    ""usunąć"",
    ""zdjąć"",
    ""połknąć"",
    ""wyrzucić"",
    ""pozbawić życia"",
    ""przejąć"",
    ""zgubić"",
    ""zmyć"",
    ""zrabować"",
    ""połechtać"",
    ""zwinąć"",
    ""sprzątnąć"",
    ""zagarnąć"",
    ""wykastrować"",
    ""zetrzeć"",
    ""zarwać"",
    ""uporać się"",
    ""zapożyczyć"",
    ""przespać się"",
    ""oczyścić"",
    ""opróżnić"",
    ""osuszyć"",
    ""odfajkować"",
    ""odczekać"",
    ""wyprostować"",
    ""odczarować"",
    ""zwerbować"",
    ""odgrażać się"",
    ""odczłapać"",
    ""odcinać się"",
    ""odkładać"",
    ""wyregulować"",
    ""ocucić"",
    ""oprzeć"",
    ""odblokować"",
    ""odczekać"",
    ""opędzić się"",
    ""odgrzać"",
    ""obliźnić"",
    ""ocieplić"",
    ""odsolić"",
    ""odprężyć"",
    ""odczesać"",
    ""oddać"",
    ""odczarować się"",
    ""uleczyć"",
    ""żałować (uczucie)"",
    ""mieć za nic"",
    ""pogardzać"",
    ""faworyzować"",
    ""forować"",
    ""zbywać"",
    ""osiągnąć"",
    ""wyślizgać"",
    ""domówić"",
    ""zaoszczędzić"",
    ""żalić się"",
    ""bałaganić"",
    ""obrazić"",
    ""gardzić"",
    ""poniżyć"",
    ""zgasić"",
    ""upominać"",
    ""ponurzyć"",
    ""cygańczyć"",
    ""szkalować"",
    ""spalić"",
    ""uskarżać się"",
    ""mówić na ucho"",
    ""odeprzeć"",
    ""pomścić"",
    ""odwalić"",
    ""szumieć"",
    ""zniżać się"",
    ""przejść"",
    ""wyrzeźbić"",
    ""zakańczać"",
    ""zamącać"",
    ""podstawić nogę"",
    ""oddalać"",
    ""wbijać"",
    ""napieprzyć"",
    ""wydelikacić"",
    ""wbijać"",
    ""napiętnować"", ""wytrwonić"",
    ""owrzodzieć"",
    ""zaszklić się"",
    ""przymglić się"",
    ""narobić"",
    ""zasnuć się"",
    ""zbliznowacieć"",
    ""ubiegnąć"",
    ""wywołać"",
    ""schudnąć"",
    ""przybrać się"",
    ""zgorzeć"",
    ""wydawać"",
    ""zmylić"",
    ""skazić się"",
    ""zapaść się"",
    ""pogrążyć się"",
    ""zapadać się"",
    ""zbłądzić"",
    ""zaprzyjaźnić się"",
    ""zemdleć"",
    ""przemóc się"",
    ""zbagatelizować się"",
    ""zahartować się"",
    ""zapracować"",
    ""odrosnąć"",
    ""odbudować się"",
    ""przyspieszyć"",
    ""zatrzeć"",
    ""zniszczyć"",
    ""przeobrazić się"",
    ""spięć się"",
    ""zafarbować się"",
    ""przełamać się"",
    ""zrobić się"",
    ""wypunktować się"",
    ""rozwiązać się"",
    ""zrewidować się"",
    ""zaliczyć się"",
    ""uzależnić się"",
    ""zaaklimatyzować się"",
    ""zabetonować się"",
    ""zakwitnąć"",
    ""zdołować się"",
    ""rozejść się"",
    ""schować się"",
    ""zjawić się"",
    ""załapać się"",
    ""przewyższyć się"",
    ""wyluzować się"",
    ""odkazić się"",
    ""zjednoczyć się"",
    ""zaprzyjaźnić się"",
    ""zapewnić się"",
    ""załagodzić się"",
    ""pofarbować się"",
    ""umartwić się"",
    ""zdołować się"",
    ""zatopić się"",
    ""zachować się"",
    ""zaśmiać się"",
    ""oswoić się"",
    ""zasypać się"",
    ""zareagować"",
    ""zorientować się"",
    ""zemdleć"",
    ""wykończyć się"",
    ""zebrać się"",
    ""zafarbować się"",
    ""zaadoptować się"",
    ""pogrążyć się"",
    ""zaszkodzić się"",
    ""zwierzyć się"",
    ""wybadać się"",
    ""zwiększyć się"",
    ""zainfekować się"",
    ""wyładować się"",
    ""zaaplikować się"",
    ""wykrzesać się"",
    ""zdeprecjonować się"",
    ""zaprzyjaźnić się"",
    ""zacząć"",
    ""zainfekować się"",
    ""zweryfikować się"",
    ""zachować się"",
    ""zabezpieczyć się"",
    ""zgłosić się"",
    ""odciążyć się"",
    ""odseparować się"",
    ""wyładować się"",
    ""zainaugurować się"",
    ""zaliczyć się"",
    ""wychować się"",
    ""rozwiązać się"",
    ""odbudować się"",
    ""zaabsorbować się"",
    ""odnowić się"",
    ""odrodzić się"",
    ""ozdobić się"",
    ""ujarzmić się"",
    ""rozładować się"",
    ""wzbogacić się"",
    ""zaprzyjaźnić się"",
    ""wtopić się"",
    ""przymocować się"",
    ""uzyskać się"",
    ""zaciekawić się"",
    ""wypunktować się"",
    ""zwichnąć się"",
    ""zregenerować się"",
    ""zacisnąć się"",
    ""zintegrować się"",
    ""przyłączyć się"",
    ""zawinąć się"",
    ""zamknąć się"",
    ""zalękotnąć się"",
    ""zahartować się"",
    ""zeschizować się"",
    ""przystosować się"",
    ""zatopić się"",
    ""zjawiać się"",
    ""ozłocić się"",
    ""zakwasić się"",
    ""przewyższyć się"",
    ""wtopić się"",
    ""zaszczepić się"",
    ""zasiąść"",
    ""zintegrować się"",
    ""zachować się"",
    ""zaprzyjaźnić się"",
    ""wyluzować się"",
    ""włączyć się"",
    ""zaprzyjaźnić się"",
    ""pofarbować się"",
    ""podnieść się"",
    ""poturbować się"",
    ""wpasować się"",
    ""zatroszczyć się"",
    ""przyjąć się"",
    ""zdenerwować się"",
    ""zdarzyć się"",
    ""zabłysnąć"",
    ""zdołować się"",
    ""zachować się""
]","['przechowywać się','sierocić się','dochowywać się','panoszyć się','obrzydzać','zachowywać się','srać','sprawiać się','grzeszyć','szarogęsić się','zapominać się','figlować','błaznować','swawolić','wygłupiać się','pozostawać','rozrabiać','konserwować się','sprawować się','rządzić się']",,1.1.,Object-centered (oriented) emotional state,"robić dobrą minę do złej gry 1 (?), zapominać się 1 (?), kurwić się 2 (?), rozczarowywać 1, ","zachowywać się 1, S wzbudzać uczucie negatywne 1, "
1: Czasowniki usuwania,"[""uprowadzić"",
    ""wydobyć"",
    ""rozebrać"",
    ""zabrać"",
    ""skraść"",
    ""zagarnąć"",
    ""pozostawić"",
    ""wyciosać"",
    ""zwolnić się"",
    ""wyrwać"",
    ""pozbawić"",
    ""wyrzucić"",
    ""odjąć"",
    ""zdjąć"",
    ""odsunąć"",
    ""usunąć"",
    ""zdegradować"",
    ""uszczknąć"",
    ""wywalić"",
    ""wyjść"",
    ""rozebrać"",
    ""wyrwać"",
    ""usuwać"",
    ""odłączyć"",
    ""zlikwidować"",
    ""zasunąć"",
    ""pozbyć się"",
    ""wyprowadzić"",
    ""wyciąć"",
    ""odsunąć"",
    ""usunąć"",
    ""wyciąć"",
    ""wyplenić"",
    ""odzyskać"",
    ""pozbyć się"",
    ""zlikwidować"",
    ""zetrzeć"",
    ""wymazać"",
    ""wymazać"",
    ""odrzucić"",
    ""zniszczyć"",
""zetrzeć"",
    ""zniszczyć"",
    ""rozbijać"",
    ""zdziesiątkować"",
    ""tępić"",
    ""wytępić"",
    ""zwalczyć"",
    ""wyniszczzyć"",
    ""eksterminować"",
    ""eksploatować"",
    ""dewastować"",
    ""rujnować"",
    ""unicestwiać"",
    ""mordować"",
    ""wygubić"",
    ""rujnować"",
    ""dezintegrować"",
    ""zakłócać"",
    ""zalewać"",
    ""zetrzeć"",
    ""powalić"",
    ""unicestwiać"",
    ""dziesiątkować"",
    ""plądrować"",
    ""niszczyć"",
    ""tępić"",
    ""tłumić"",
    ""obezwładnić"",
    ""zrujnować"",
    ""unicestwiać"",
    ""mordować"",
    ""zniszczyć"",
    ""dziesiątkować"",
    ""rozerwać"",
    ""unicestwiać"",
    ""zrujnować"",
    ""obezwładnić"",
    ""wymordować"",
    ""zetrzeć z powierzchni ziemi"",
    ""unicestwiać"",
    ""wytępić"",
    ""zniszczyć"",
    ""zgładzić"",
    ""rozniszczyć"",
    ""dezorganizować"",
    ""wyniszczyć"",
    ""zniszczyć""
]
","['głosić sławę','opiewać','obchodzić','podchodzić','sprzeciwiać się','kierować się','brać przykład','prowadzić się','przywiązywać wagę','pogardzać','postępować','dystansować się','zacierać się','zachowywać się','reklamować','patrzyć się','iść','wyróżniać','grzać','śpiewać','iść za wzorem','oponować','komplementować','sławić','wyśmiewać','przypochlebiać się','umartwiać','tchórzyć','dążyć','sprawiać się','patrzyć','omijać szerokim łukiem','zacierać','wysławiać',' traktować','naśladować','sprawować się','brać do serca','pogłębiać się','posuwać się','schlebiać','głosić chwałę','czapkować','lekceważyć','odnosić się','marnować','uprzywilejowywać','robić','dawać','brać wzór','wzorować się','mieć za nic','forować','patrzeć','zmierzać','imitować','iść za przykładem','zachowywać','gloryfikować','patrzeć się','klakierować','uniewinniać','zaczynać','odjeżdżać','czynić','poczynać sobie',' chwalić','spisywać się','pomijać','błogosławić','faworyzować','zachwalać','kroczyć','odtwarzać','pochlebiać','estetyzować','rządzić się']",,,,,
2: Negatywna ocena,"[""obrzydzać"",
    ""srać"",
    ""grzeszyć"",
    ""pogardzać"",
    ""reklamować"",
    ""wyśmiewać"",
    ""o kant dupy potłuc"",
    ""postępować"",
    ""dystansować się"",
    ""ignorować"",
    ""pluć w twarz"",
    ""certolić się"",
    ""przejmować się"",
    ""brać do serca"",
    ""mieć za nic"",
    ""bić"",
    ""usuwać"",
    ""rozebrać"",
    ""wyprowadzić"",
    ""zaszkodzić"",
    ""skrzywdzić"",
    ""unieść"",
    ""pozbawić"",
    ""zaszaleć"",
    ""zanieczyścić"",
    ""odjąć"",
    ""odbić"",
    ""odstawić"",
    ""zwodzić"",
    ""zniszczyć"",
    ""zrujnować"",
    ""oblać"",
    ""zgubić"",
    ""zasmucić się"",
    ""zabijać"",
    ""zatracić"",
    ""przeszkodzić"",
    ""załatwić"",
    ""oszukać"",
    ""gardzić"",
    ""lekceważyć"",
    ""obrazić"",
    ""zepsuć"",
    ""pomylić"",
    ""popsuć szyki"",
    ""podłożyć nogę"",
    ""przypalić"",
    ""sprzątnąć"",
    ""zatruć"",
    ""pokrzyżować"",
    ""wytłumić"",
    ""zdekoncentrować"",
    ""poskładać"",
    ""rozkojarzyć"",
    ""skołować"",
    ""poniżać"",
    ""zastraszać"",
    ""potępiać"",
    ""nawoływać do nienawiści"",
    ""krzywdzić"",
    ""zastraszać"",
    ""potępiać"",
    ""nawoływać do nienawiści"",
    ""krzywdzić""
]
","['potępić', 'cackać się', 'postawić', 'podchodzić', 'przeszacować', 'obchodzić się', 'skrytykować', 'przywiązywać wagę', 'pogardzać', 'o kant dupy potłuc', 'postępować', 'zaplanować', 'dystansować się', 'wspomnieć', 'patrzyć się', 'otaksować', 'uwalić', 'wyróżniać', 'ignorować', 'grzać', 'przypuścić', 'zważyć', 'przejmować się', 'przecenić', ' ocenić', 'osądzić', 'zaopiniować', 'fetyszyzować', 'wziąć pod uwagę', 'sięgnąć po rozum do głowy', 'razić', 'wybiec', 'pokombinować', 'przejąć się', 'jebać', 'o kant dupy rozbić', 'zaprzeczyć', 'wyśmiewać', 'umartwiać', 'bić', 'obmyślić', 'rozplanować', 'wypunktować', 'patrzyć', 'przemyśleć', 'omijać szerokim łukiem', 'pomyśleć', ' traktować', 'nastawić się', 'domyśleć', 'uszeregować', 'porozmyślać', 'certolić się', 'zdiagnozować', 'brać do serca', 'zbilansować', 'oblać', 'ocenić', 'pójść po rozum do głowy', 'gardzić', 'zadbać', 'wyszacować', 'wyjść', 'przyznać', 'wziąć do serca', 'lekceważyć', 'odnosić się', 'marnować', 'uprzywilejowywać', 'dawać', ' pomyśleć', 'mieć za nic', 'wziąć poprawkę', 'wpaść po rozum do głowy', 'forować', 'patrzeć', 'sklasyfikować', 'podcierać się', 'wbijać', 'pluć w twarz', 'podsumować', 'patrzeć się', 'zakombinować', 'uniewinniać', 'zaszeregować', 'urządzić', 'cyckać się', 'uznać', 'powspominać', 'postrzec', 'pomijać', ' oszacować', 'uwzględnić', 'faworyzować', 'zastanowić się', 'zbywać', 'robić z tata wariata', 'estetyzować']",,,,,
3: Czasowniki uzyskania,"[""zdobywać"",
    ""pozyskiwać"",
    ""nabywać"",
    ""osiągnąć"",
    ""przyswajać"",
    ""pozyskiwać"",
    ""zdobywać"",
    ""gromadzić"",
    ""zdobywać"",
    ""uzyskiwać"",
    ""osiągać"",
    ""wywalczyć"",
    ""uzyskiwać"",
    ""pozyskiwać"",
    ""zdobywać"",
    ""zdobywać dostęp"",
    ""osiągać cel"",
    ""wypracować"",
    ""zdobywać wiedzę"",
    ""przyswajać umiejętności"",
„uzyskać”, „zdobyć”, „pozyskać”, „nabyć”]
","['wyślizgać', 'obniżyć', 'szerzyć', 'zarekwirować', 'wyciągnąć', 'porwać', 'zdezaktywizować', 'fundować', 'pomniejszyć', 'wykopać', 'pozostawić', 'skarlić', 'amputować', 'zdławić', 'chapnąć', 'wyjałowić', 'usunąć', 'wykopnąć', 'oporządzać', 'wyprowadzić', 'nabywać', 'pochłonąć', 'zatrzymać', 'obciąć', 'ogołocić', 'uprowadzić', 'rozebrać', 'sięgnąć po cudze', 'zgarnąć', 'skrócić', 'wywłaszczyć', 'potowarzyszyć', ' oprawiać', 'przybliżać', 'pościągać', 'opóźniać', 'stłumić', 'dokupywać', 'podebrać', 'ująć', 'zdrapać', 'spowszednić', 'zagrabić', 'wypatroszać', 'podciąć', 'podwieźć', 'ruszyć', 'wziąć', 'zjechać', ' zmniejszyć', 'upowszechniać', 'zawłaszczyć', 'wyczyścić', 'wydziedziczyć', 'rozkuć', 'nadebrać', 'uprzątnąć', 'zawiesić', 'chapsnąć', 'wywalić', 'nadawać', 'załagodzić', 'nabierać', 'napełniać', 'zostawić', 'dynamizować', 'skonwencjonalizować', 'subskrybować', 'wykupywać', 'rozpowszechniać', 'odjąć', 'zabrać', 'zacierać', ' sprawiać', 'rozdziewać', 'zakupywać', 'skupować', 'rozdziewiczyć', 'odrzeć', 'zdegradować', 'sporządzać', 'wsławiać', 'zminimalizować', 'opalić', ' odsunąć', 'zająć', 'sprzątnąć', 'sponsorować', 'odbić', 'zepchnąć', 'skurczyć', 'zbliżać', 'bawić', 'zagarnąć', 'podrzucić', 'zmieniać', 'patroszyć', 'przywłaszczyć', 'unieść', 'wytracić prędkość', 'filetować', 'uciąć', 'zredukować', 'ubezwłasnowolnić', 'opić', 'obedrzeć', 'sprężyć', 'odwodnić', 'utrudniać', 'ciąć', 'oddalać', 'wyzuć', 'aktywować', 'dostawać', 'pozbawić', 'zakańczać', 'wybebeszać', 'wyrzucić', 'przyciąć', 'odebrać', 'wywieść', 'zawlec', 'wybijać', 'uwięzić', 'okraść', 'rozsławiać', 'odchudzić', 'odmieniać', 'wynieść', 'odkupywać', 'rozmywać', 'rozbierać', 'odgarnąć', 'dokupować', 'rozbroić', 'odwalić', 'przestawiać', 'uszczknąć', 'kupować kota w worku', 'zamącać', 'mącić', 'czynić', 'odtłuścić', 'osłabić', 'opromieniać', ' zabrać', 'wytłumić', 'obkurczyć', 'odsłonić', 'wyrwać', ' kupować', 'odfiletowywać', 'wykastrować', 'ograniczyć', 'odczulić', 'odśnieżyć', 'zdjąć', 'odstawić', 'spowolnić', 'bebeszyć', 'powlec', 'sprawiać', 'rozprzestrzeniać', 'zminiaturyzować', 'zrządzać', 'zaciągnąć']",,,,,
4: Stan cielesny i uszkodzenie ciała,"[""kontuzjować"",
    ""zwichnąć"",
    ""nadłamać"",
    ""otłuc"",
    ""nadwerężyć"",
    ""poranić"",
    ""skaleczyć"",
    ""oblać kwasem"",
    ""podliznąć"",
    ""paraliżować"",
    ""odciąć"",
    ""zatłuc"",
    ""zadławić"",
    ""zbić"",
    ""zohydzić"",
    ""oparzyć"",
    ""poparzyć"",
    ""popsuć"",
    ""nadłamać się"",
    ""zwichnąć się"",
    ""rozdławić"",
    ""odarować"",
    ""upokorzyć"",
    ""oszpecić"",
    ""naruszyć"",
    ""spieprzyć"",
    ""zagiąć"",
    ""zdeptać"",
    ""zmiażdżyć"",
    ""przytłoczyć"",
    ""skręcić"",
    ""uszkodzić"",
    ""pokaleczyć"",
    ""odkształcić"",
    ""otłuc się"",
    ""zbroić"",
    ""skazić"",
    ""zniekształcić"",
    ""rozkładać"",
    ""rozłupać"",
    ""zniekształcić się"",
    ""wprawić w osłupienie"",
    ""ożenić się"",
    ""wziąć ślub"",
    ""rozgrzeszyć"",
    ""oszpecać się"",
    ""zatłuc się"",
    ""rozszarpać się"",
 ""malwersować"",
    ""przekraczać"",
    ""oszukiwać"",
    ""obrazić"",
    ""szkodzić"",
    ""krzywdzić"",
    ""ranić"",
    ""oszukać"",
    ""manipulować"",
    ""zaszkodzić"",
    ""nadużywać"",
    ""niszczyć"",
    ""szkalować"",
    ""zdeprawować""
]","['ochładzać', 'uderzyć', 'cackać się', 'podkopać', 'obezwładnić', 'wysrać', 'nadwyrężyć', 'podchodzić', 'schładzać', 'nadszarpnąć się', 'gasić', 'udręczyć', 'rozpruć', 'wyczerpywać', 'ścinać z nóg', 'obchodzić się', 'napalić', 'przywiązywać wagę', 'obciąć', 'pogardzać', 'przymulać', 'o kant dupy potłuc', 'postępować', 'dystansować się', 'utrudzić', 'złagodzić', 'głuszyć', 'nadwyrężyć się', 'zaostrzać', 'rozprząc', 'patrzyć się', 'wykończyć', 'ranić', 'siec', 'paskudzić', 'wyróżniać', 'ignorować', 'wbić nóż w serce', 'przykręcać', 'grzać', 'narowić', 'zamęczyć', 'prymitywizować', 'podcinać', 'zedrzeć', 'przejmować się', 'przemęczyć', 'zmaltretować', 'otrzeć', 'przećwiczyć', 'łagodzić', 'wulgaryzować', 'podciąć', 'rozłożyć', 'fetyszyzować', 'rozluźnić', 'ugodzić', 'wydelikacać', 'zmordować', 'nadwerężać się', 'razić', 'stępić', 'podciąć się', 'rozkładać', 'jebać', 'haratnąć', 'o kant dupy rozbić', 'wyśmiewać', 'umartwiać', 'tonować', 'bić', 'wycieńczyć', 'zagaszać', 'podkopywać', 'nadwerężyć', 'patrzyć', 'wyniszczyć', 'omijać szerokim łukiem', 'podcinać kolana', ' traktować', 'przymulić', 'zagasić', 'ściorać', 'powalać', 'ugasić', 'ubożyć', 'certolić się', 'umartwić', 'przyćmić', 'zgasić', 'brać do serca', 'niszczyć', ' osłabić', 'sparaliżować', 'zanudzić', 'odstręczyć', 'wygłuszać', 'gardzić', 'przeuczyć', 'sponiewierać', 'ugryźć', 'wygłuszyć', 'rozwodnić', 'postrzelić', 'lekceważyć', 'podciąć nogi', 'spalić', 'odnosić się', 'marnować', 'zaciąć', 'uprzywilejowywać', 'umęczyć', 'trywializować', 'styrać', 'zniszczyć', 'dawać', 'rozprzęgać', 'mieć za nic', 'nadwyrężać się', 'wyniszczać', 'forować', 'patrzeć', 'tępić', 'dotknąć', 'rujnować', 'oszpecać', 'podcierać się', 'nadwerężyć się', 'ćmić', 'podciąć kolana', 'natrzeć', 'wydelikacić', 'rozrabiać', 'wbijać', 'przytępić', 'psuć', 'wbić szpilę', 'powalić', 'wymęczyć', 'zubożać', ' zmęczyć', 'strudzić', 'pluć w twarz', 'skaleczyć', 'wykończać', 'patrzeć się', 'obetrzeć', 'wycieńczać', 'uniewinniać', 'skręcać', ' osłabiać', 'stonować', 'przygaszać', 'rozluźniać', 'oziębiać', 'zaćmić', 'drasnąć', 'cyckać się', 'nadszarpywać się', 'zrazić', ' pogarszać', 'wytłumić', 'postrzelać', 'rozszarpać', 'dławić', 'wytłumiać', 'poskładać', 'przytępiać', 'urazić', 'znużyć', ' zranić', 'zadrasnąć', 'umordować', 'pomijać', 'skręcić', 'szpecić', 'wyjaławiać', 'faworyzować', 'przemieszać', 'zubażać', 'sfatygować', 'okaleczyć', 'wykańczać', 'podcinać nogi', 'zrywać', 'zaćmiewać', 'ugaszać', 'przykręcić', 'tłumić', 'sterać', 'ściąć z nóg', 'zbywać', 'robić z tata wariata', 'estetyzować', 'usiec', 'przyćmiewać', 'rozrobić', 'wyczerpać']",,2.1.,Positive judgment,"chwalić 2, wysławiać 1, pochlebiać 1, wyróżniać 2, faworyzować 1, ","chwalić 2, traktować 1, postępować 2, "
5: Czasowniki aspektowe,"[""opracować"",
    ""rozpracować"",
    ""zrealizować"",
    ""uruchomić"",
    ""wprowadzić w życie"",
    ""zakończyć"",
    ""zainicjować"",
    ""osiąść"",
    ""wdrożyć"",
    ""rozpowszechnić"",
    ""zrealizować"",
    ""zamknąć"",
    ""osiągnąć cel"",
    ""wypełnić"",
    ""wykonać"",
    ""zrealizować plan"",
    ""urzeczywistnić"",
    ""rozszerzyć"",
    ""zdobyć"",
    ""ukończyć"",
    ""wprowadzić zmiany"",
    ""wprowadzić nowości"",
    ""zaczynać od nowa"",
    ""kontynuować rozwój"",
    ""utrwalić"",
    ""rozplanować"",
    ""rozmywać"",
    ""wprowadzić"",
    ""przejść"",
    ""odbyć"",
    ""dojść"",
    ""osiągnąć"",
    ""przekroczyć"",
    ""wynieść"",
    ""zaczynać"",
    ""kontynuować"",
    ""trwać"",
    ""skończyć"",
    ""rozpocząć"",
    ""odejść"",
    ""opuścić""
]","['wypatroszać','odkupywać','rozmywać','rozbierać','sponsorować','szerzyć','fundować','dokupować','upowszechniać','przestawiać','zbliżać','kupować kota w worku','zamącać','bawić','mącić','czynić','zmieniać','opromieniać','oporządzać','nabywać','nadawać','nabierać','rozsławiać','patroszyć','napełniać','filetować',' kupować','odfiletowywać','dynamizować','utrudniać','subskrybować','wykupywać','oddalać','aktywować','rozpowszechniać','ciąć','dostawać','zacierać','zakańczać','wybebeszać',' oprawiać',' sprawiać','rozdziewać','zakupywać','skupować','przybliżać','opóźniać','bebeszyć','sporządzać','wybijać','sprawiać','rozprzestrzeniać','dokupywać','wsławiać','zrządzać','odmieniać']",,2.2.,Negative judgment,"obwinić 1, przecenić 2, skrytykować 1, umniejszyć 1, podsumować 2, pluć w twarz 1, sprzeciwiać się 1, ","ocenić 1, pomyśleć 2, traktować 1,"
6: Negatywna zmiana stanu,"[""zniekształcić"",
    ""oszpecić"",
    ""unicestwić"",
    ""zdezorganizować"",
    ""wyniszczyć"",
    ""zgrzytnąć"",
    ""zubożyć"",
    ""zepsuć się"",
    ""zmarnować"",
    ""zdegenerować"",
    ""ochłodzić"",
    ""zaniedbać"",
    ""zdeprawować"",
    ""rozszarpać"",
    ""zrujnować"",
    ""zaszpecić"",
    ""osłabić się"",
    ""zakazić"",
    ""zaszkodzić"",
    ""uprzykrzyć"",
    ""zablokować"",
    ""zdestabilizować"",
    ""zdezintegrować"",
    ""oszpecić"",
    ""zbezcześcić"",
    ""zanieczyścić"",
    ""zatruć""
]","['umieścić', 'uderzyć', 'zaśmiecać', 'obrosnąć', 'zasolić', 'prokurować', 'wyrobić', 'wyzbyć się', 'rozgoryczyć się', 'napakować', 'zaatakować', 'rozciągnąć się', 'cofać', 'zostawać', 'podszyć się', 'obciąć', 'skuć się', 'napieprzyć', 'ozłocić się', 'zużyć się', 'wykończyć', 'narowić', 'pozostawać', 'urobić', 'wypełnić', 'wynudzić się', 'obcinać', 'uchronić', 'zajść', 'schować głowę w ramiona', 'okopcić', 'zaświadczyć', 'spleśnieć', 'powtórzyć', 'przypalić', 'zrobić coś niezgodnego z prawem lub z normami społecznymi', 'sprawiać się', ' zanieczyszczać', 'popychać', 'strawić', 'zużyć', 'obrzydzić', 'zapominać się', 'obciążać', 'pożegnać się', 'konserwować się', 'zmarnować', 'obleźć', 'wylogować', 'poukrywać się', ' doświadczyć negatywnego uczucia', 'przetłuścić się', 'oślepnąć', 'przygotować', 'sprowadzać', 'wypalić się', 'zawiązać', 'podtrzymać', 'uciąć', 'zasalać', 'skalić', 'przerobić', 'nasikać', 'spochmurnieć', 'przyciąć', 'truć', 'osłabić się', 'figlować', 'oszpecać', 'ubrudzić', 'swawolić', 'powiązać', 'dać sobie radę', 'zostawiać', 'określać', 'okantować', 'zatruwać', 'sprawić','wprowadzić', 'rozzuchwalić', 'zaprzepaścić', 'uwolnić się', 'zawlec się', 'osnuć się', 'zgubić', 'zaliczyć', 'zrobić na szaro', 'szpecić', 'wyjaławiać', 'naśmiecić', 'poślepnąć', 'grzeszyć', 'zubażać', 'roztrwonić', 'zakryć się', 'podrzucić świnię', 'sparszywieć', 'złamać się', 'załamać się', 'osyfić', 'zepsuć', 'odstawić', 'przejebać', 'przytłoczyć', 'wykrwawić się', 'rąbnąć', 'obciążyć', 'wykorzenić się', 'kierować', 'ochładzać', 'podbić cenę', 'wyciąć', 'wysrać', ' powodować', 'logować', 'wystraszyć się', 'opuścić', 'ułatwiać', 'uprzedzić', 'srać', 'zapaskudzać', 'zasmradzać', 'popłynąć', 'spłukać się', 'namieszać', 'zapleśnieć', 'który wpływa na obiekt', 'pogrzebać', 'uśmiercić', 'wciągnąć głowę w ramiona', 'brudzić','grzać', ' pokryć się', 'upiec', 'osłabnąć', 'przerobić na szaro', 'pchać', 'ulokować', 'zasiarczyć', 'zarobaczyć', 'zagubić', 'zostawić', 'zassać', 'zabrudzić', 'stawiać', 'uwalać', 'pożałować', 'uśmiercać', 'zaparować', 'sprokurować', 'ubożyć', 'spłynąć', 'niszczyć', 'porozumiewać się', 'ganiać', 'poronić', 'spaskudzić się', 'spowić się', 'przechowywać się', 'rozwydrzyć', 'okopcać', ' 'zamulać', 'wymienić', 'ociemnieć', 'zapeszyć', 'styrać', 'postradać', 'wyrządzić', 'wpłynąć', 'wykonać', 'podupaść', 'szarogęsić się', 'zagrzybiać', 'ucinać', 'oblepić się', 'nabić', 'zmaskulinizować', 'sporządzić', 'zburzyć', 'zadziałać', 'zmitrężyć', 'umożliwiać', 'wywalać', 'popsuć', 'połączyć', 'wynarodowić się', 'zdemineralizować się', 'pędzić', 'urządzić', ' pogarszać', 'zbankrutować', 'zardzewieć', 'wytatuować', 'zorganizować', 'zalogować', 'obsypać się', 'uczynić', 'przekazywać', 'myknąć', 'ogłuchnąć','skorzystać', 'kontaktować się', 'odejść', 'sprawiać', 'wkładać', 'opieprzyć', 'użyć', 'znudzić się', 'wyszczupleć', 'zrosić się', 'wytrwonić', 'postawić', 'burzyć', 'dochowywać się', 'podrożyć', 'ubiec', 'owrzodzieć', 'zesrać się', 'dziurawić', 'robić dobrą minę do złej gry', 'źle wyjść', 'zażartować', 'dostać w kość', 'zdyskredytować się', 'omszeć', 'rozmienić się na drobne', 'zaszklić się', 'pociągać', 'oddziałać', 'pobrudzić', 'komunikować się', 'podłożyć świnię', 'dołączyć', 'zmieszać', 'przymglić się', 'zatracić', 'wytworzyć', 'poczernieć', 'skompromitować się', 'zamknąć się', 'narobić', 'pozbyć się', 'rozczarować się', 'zapomnieć', 'dorobić', 'bałaganić', 'rozbabrać się', 'wypunktować', 'pozostawiać', 'zrobić coś ze sobą', 'wylogować się', 'poradzić sobie', 'zakopcić', 'zabajtlować', 'spowinąć się', 'sprawować się', 'wypalić', 'wywoływać', 'zgotować', 'czadzić', 'sprowadzić', 'nie zauważyć', 'wywinąć', 'dowieść', 'odstręczyć', 'usypiać', 'pozazdrościć', 'zakończyć', 'panoszyć się', 'spróbować', 'popchać', 'skażać', 'przepuścić', 'trywializować', 'zatrząść się', 'wzburzyć', 'zaśmiecić', 'przyszykować', 'umożliwić', 'hajcować', 'zaćmić się', 'błaznować', 'włożyć', 'natrzeć', 'pozachodzić', 'psuć', 'dać', 'określić', 'zionąć', 'zrobić coś motywowanego względami społecznymi', 'wzbić', 'schudnąć', ' zanieczyścić', 'uzyskiwać', 'rozwydrzać', 'wcisnąć głowę w ramiona', 'przybrać się', 'wyrznąć', 'punktować', 'skazić', 'zziarninować', 'unieruchamiać', 'przyozdobić się', 'żyć', 'pogrążyć się', 'wybić', 'odgazować się', 'ubiegnąć', 'wzburzać', 'sterać', 'zabrudzać', 'zmienić', 'stracić', ' pochować się', 'rządzić się', ' zrobić', 'zapeszać', 'zarobaczać', 'porosnąć', 'schładzać', 'pozostawić', 'zbliznowacieć', 'oblać się', 'popełnić', 'zakurzyć się', 'odwodnić się', 'spienić się', 'sytuacji związanej z łańcuchem przyczynowo-skutkowym', 'utracić', 'zjarać', 'zbajtlować', 'wzbijać', 'gonić', 'splajtować', 'wsunąć głowę w ramiona', 'CZASOWNIK - AKT oznaczający sytuacje związane z łańcuchem przyczynowo-skutkowym', 'podziałać', 'zaostrzać', 'przesrać', 'paskudzić', 'przyrządzić', 'uwalić', 'wtulić głowę w ramiona', 'schropowacieć', 'prymitywizować', 'naprzeć', 'odrobić', 'zagrzybić', 'uzupełnić', 'podrobić', 'wulgaryzować', 'jarać', 'zaropieć', 'zasmrodzić', 'przedziurawiać', 'skulić głowę w ramiona', 'zepsuć się', 'pozbawić się', 'wyczyścić się', 'przewalić', 'przedziurawić', 'zaciągnąć się', 'pokryć się', 'zwątpić', 'stanu mentalnego lub emocjonalnego albo reakcję emocjonalno-fizjologiczną', 'zablokować się', 'ucierpieć', 'zjałowieć', 'odsłonić się', 'polecieć', 'owdowieć', 'wygłupiać się', ' zmarnotrawić', 'ciągnąć', 'śmiecić', 'rozbestwić', 'zaniepokoić się', 'stracić na wadze', 'przenawozić', 'uśpić', 'okryć się', 'pochować', 'pozbawić życia', 'tańczyć', 'sierocić się', 'wypiec', 'spalić', 'obrzydzać', 'dokonać', 'posrebrzyć się', 'upakować', 'wyrzeźbić', , 'osypać się', 'nabałaganić', 'pociągnąć', 'odbarwić się', 'zatruć', 'pomęczyć się', 'zamulić', 'zasnuć się', 'rozrabiać', 'maskulinizować', 'zubożać', 'walnąć', 'popsuć się', 'powlec się', 'smrodzić', 'zapienić się', 'CZASOWNIK - DK oznaczający zmianę stanu mentalnego lub emocjonalnego albo reakcję emocjonalno-fizjologiczną', 'szukać', 'rozbestwiać', 'zamglić się', 'wychujać', 'przytłaczać', 'odwalić', 'oziębiać', 'przestraszyć się', 'stoczyć się', 'zasiarczać', 'nabrudzić', 'wyprzedzić', 'wiązać', 'emocjonalnego lub psychiczno-fizjologicznego', 'trzasnąć', 'załzawić się', 'przykryć się', ' zachowywać się', 'wydrapać', 'rozżalić się', 'palić', 'wyrżnąć', 'wywołać', 'ojebać', 'wyprawić', ' spowodować', 'nasrać', ' stracić', 'zawieść się', 'gnać', 'pakować', 'rozzuchwalać', 'łączyć',]",,,,,
"7: Zachowanie, ochrona","[""zasłaniać"",
    ""preweniować"",
    ""monitorować"",
    ""zatroszczyć się"",
    ""zabezpieczać"",
    ""strzec"",
    ""utrzymywać"",
    ""pielęgnować"",
    ""utrwalać"",
    ""szanować"",
    ""pilnować"",
    ""osłaniać"",
    ""zapewniać bezpieczeństwo"",
    ""zachowywać w tajemnicy"",
    ""utrzymywać w bezpieczeństwie"",
    ""dbać"",
    ""utrzymywać w dobrej kondycji"",
    ""nadzorować"",
    ""ochraniać przed zagrożeniem"",
    ""reagować na sytuacje ryzykowne"",
    ""działać prewencyjnie"",
    ""reagować na niebezpieczeństwo"",
    ""zapobiegać"",
    ""monitorować sytuację"",
    ""utrzymywać w bezpieczeństwie"",
    ""unikać ryzyka"",
    ""dystansować się"",
    ""zachowywać się"",
    ""rządzić się"",
    ""konserwować się"",
    ""zachowywać się"",
    ""rządzić się"",
    ""konserwować się"",
    ""dystansować się"",
    ""wbijać"",
    ""przejść"",
    ""zwinąć"",
    ""chronić"",
    ""bronić"",
    ""uchronić"",
    ""ochronić"",
    ""zapewnić bezpieczeństwo"",
    ""unikać"",
    ""uciec"",
    ""zabezpieczyć"",
    ""schronić"",
    ""ukryć""
]","['odkręcać', 'łagodzić', ' przywracać', 'odradzać', 'strzec', 'osłaniać', 'rekultywować', 'naprawiać', 'ochraniać', 'wskrzeszać', 'uspokajać', 'regenerować', 'cucić', 'zabezpieczać', 'odnawiać', 'wznawiać', 'przechowywać', 'adwokatować', 'rewalidować', 'reperować', 'stawać w obronie', 'odblokowywać', 'ocucać', 'ożywiać', ' chronić', 'przywracać do życia', 'opatrywać', 'oprzytomniać', 'przywracać', 'odkwaszać', 'koić', 'bronić', 'restytuować', 'odbudowywać', 'odczarowywać', 'składać', 'odświeżać', 'afrykanizować', 'przywoływać', 'zaoszczędzać', 'ubezpieczać', 'odwieszać', 'rozpakowywać', 'uzdrawiać', 'odpasać', 'odtwarzać', 'uchowywać', 'waloryzować', 'otrzeźwiać', 'ratować', 'reaktywować', 'oszczędzać', 'restaurować', 'stawiać na nogi', 'zabezpieczać się', 'trzeźwić']",,,,,
8: Czasowniki niszczenia i zabijania,"[""zabić"",
    ""unicestwić"",
    ""zniszczyć"",
    ""zamordować"",
    ""zranić"",
    ""amputować"",
    ""zabijać"",
    ""wykastrować"",
    ""wykończyć"",
    ""rozbijać"",
    ""zdziesiątkować"",
    ""tępić"",
    ""wyniszczyć"",
    ""wytępić"",
    ""zwalczyć"",
    ""wyniszczzyć"",
    ""eksterminować"",
    ""eksploatować"",
    ""dewastować"",
    ""zrujnować"",
    ""rujnować"",
    ""mordować"",
    ""wygubić"",
    ""dezintegrować"",
    ""zakłócać"",
    ""zalewać"",
    ""zetrzeć"",
    ""powalić"",
    ""dziesiątkować"",
    ""plądrować"",
    ""niszczyć"",
    ""tępić"",
    ""tłumić"",
    ""obezwładnić"",
    ""wymordować"",
    ""zetrzeć z powierzchni ziemi"",
    ""wytępić"",
    ""zgładzić"",
    ""rozniszczyć"",
    ""dezorganizować""
]","['patrzeć się','cackać się','fetyszyzować','gardzić','uniewinniać','podchodzić','razić','cyckać się','jebać','lekceważyć','o kant dupy rozbić','odnosić się','marnować','wyśmiewać','uprzywilejowywać','obchodzić się','umartwiać','dawać','przywiązywać wagę','mieć za nic','pogardzać','bić','pomijać','o kant dupy potłuc','postępować','dystansować się','faworyzować','forować','patrzeć','patrzyć','omijać szerokim łukiem',' traktować','patrzyć się','podcierać się','wyróżniać','ignorować','grzać','wbijać','zbywać','robić z tata wariata','estetyzować','certolić się','przejmować się','brać do serca','pluć w twarz']",,6,Verbs of removing,,
9: Wskaźnik komunikacji/wzmacnianie postawy,"[""reklamować"",
    ""komunikować"",
    ""wzmocnić"",
    ""potwierdzać"",
    ""odpowiadać"",
    ""negocjować"",
    ""dyskutować"",
    ""zaznaczyć"",
    ""podkreślić"",
    ""wytłumaczyć"",
    ""wyjaśnić"",
    ""przedstawić"",
    ""uzasadnić"",
    ""zaznaczyć"",
    ""podkreślić"",
    ""akcentować"",
    ""podkreślać"",
    ""argumentować"",
    ""przekonywać"",
    ""mobilizować"",
    ""uwydatniać"",
    ""ilustrować"",
    ""dowodzić"",
    ""uwydatnić"",
    ""wspierać"",
    ""rozwiewać wątpliwości"",
    ""uzasadniać"",
    ""popierać"",
    ""demonstrować"",
    ""zdementować"",
    ""dociekać"",
    ""uzgadniać"",
    ""zgłaszać"",
    ""wyjaśnić"",
    ""przedstawić dowody"",
    ""przekształcać myślenie"",
    ""wskazywać""
]","[' osiągnąć','wyślizgać','domówić','zaoszczędzić','osiągnąć','zarekwirować','wyciągnąć','porwać','zdezaktywizować','wykopać','habilitować się','pozostawić','amputować','zhandlować','chapnąć','wyjałowić','usunąć','dobić','wykopnąć','wyprowadzić','pochłonąć','zatrzymać','pobrać','wprosić się','obciąć','ogołocić','uprowadzić','wydobyć','rozebrać','sięgnąć po cudze','zgarnąć','wywłaszczyć','potowarzyszyć','pogrzebać','wykłócić się','sprzeniewierzać','wydostać','zaszaleć','podebrać','zejść','ująć','zdrapać','spowszednić','zagrabić','dociąć','podwieźć','ruszyć','wziąć','zawłaszczyć','doinformować się','wyczyścić','wydziedziczyć','rozkuć','dobiec','nadebrać','uprzątnąć','zawiesić','chapsnąć','wywalić','zyskać','nabierać','zostawić','dojść','zagarniać',' znieść','skonwencjonalizować','strawić','odjąć','zabrać','odłożyć','dojechać','rozrosnąć się','wymodlić','sprzedać','pozyskać','rozdziewiczyć','uciosać','odrzeć','zdegradować','dostać','dobiegnąć','obstalować','opalić',' odsunąć','ściągnąć','przehandlować','pochować','zająć','sprzątnąć','zaprenumerować','wyciosać','odbić','zepchnąć','wynegocjować','wyjść','kraść','zagarnąć','podrzucić','wycisnąć','ścierpieć','przywłaszczyć','unieść','ubezwłasnowolnić','opić','obedrzeć','odwodnić','wydusić','zdobyć','wyzuć','pozbawić','wyrzucić','zawłaszczać','sięgać po cudze','przyciąć','odebrać','wywieść','zawlec','wydębić','zaprowadzić','ukończyć','wznieść się','zainkasować','uwięzić',' zamówić','okraść','zakontraktować','zagrabiać','udźwignąć','dobrze wyjść','dźwignąć','przekroczyć','wynieść','zapotrzebować','złapać','odgarnąć',' uzyskać','uzyskać','oszczędzić','rozbroić','wystarać się','odwalić','uszczknąć','dopracować','doktoryzować się','postarać się',' zabrać','odsłonić','zwolnić się','wyrwać','ugrać',' przywłaszczać','rozwinąć się','wykastrować','sięgnąć','odśnieżyć','zbliżyć się','dojrzeć',' otrzymać','dosięgnąć','zdjąć','odstawić','skorzystać','uzurpować','podźwignąć','wycierpieć','wyskubać','malwersować','załatwić','powlec','defraudować','zaciągnąć']",,6.1.,Verbs of removing with neutral charge,"uciąć 9, przyciąć 1 (?), podciąć 2, ","zmniejszyć 1, "
10: Uczucia,"[""sierocić się"",
""poddać się"",
""żałować"",
""pogardzać"",
    ""unikać"",
    ""bać się"",
    ""irytować się"",
    ""męczyć się"",
    ""oszałamiać się"",
    ""wahać się"",
    ""frustrować się"",
    ""dręczyć się"",
    ""zdziwiać się"",
    ""wściekać się"",
    ""szkalować"",
    ""zniechęcać się"",
    ""napawać się"",
    ""dręczyć"",
    ""zrażać się"",
    ""zanosić się śmiechem"",
    ""kusić"",
    ""drażnić się"",
    ""gubić się"",
    ""odtrącać"",
    ""zaznaczać"",
    ""zawstydzać"",
    ""zaznaczać"",
    ""irytować się"",
    ""zazdrościć"",
    ""bawić się"",
    ""pociągać"",
    ""podniecać"",
    ""oszałamiać"",
    ""zakochiwać się"",
    ""zaznaczać"",
    ""zawstydzać"",
    ""rozbawiać"",
    ""zaznaczać"",
    ""zasmucać się"",
    ""fascynować się"",
    ""przeżywać"",""zasmucać się"",
    ""wstrząsać"",
    ""przeżywać"",
    ""frustrować"",
    ""nużyć się"",
    ""nienawidzić"",
    ""gniewać się"",
    ""denerwować się"",
    ""przygnębiać się"",
    ""zniechęcać się"",
    ""obwiniać się"",
    ""potępiać się"",
    ""skarżyć się"",
    ""żałować"",
    ""wyznawać nienawiść"",
    ""męczyć się"",
    ""gardzić"",
    ""krytykować"",
    ""narzekać"",
    ""upokarzać"",
    ""odpychać"",
    ""skręcać nosem"",
    ""wstydzić się"",
    ""wątpić"",
    ""upokarzać"",
    ""ostrzegać się"",
    ""zrazować"",
    ""obrzydzać"",
    ""pogardzać"",
    ""wymiotować na coś"",
    ""oskarżać się"",
    ""gorszyć się"",
    ""oskarżać"",
    ""pluć na coś"",
    ""pogniewać się"",
    ""oskarżać"",
    ""odrzucać"",
    ""wątpić"",
    ""gardzić"",
    ""spłoszyć się"",
    ""prześladować"",
    ""obrzucać oszczerstwami"",
    ""nie znosić"",
    ""wrzeszczeć"",
    ""wstręcać"",
    ""odpychać"",
    ""złościć się"",
    ""podejrzewać"",
    ""odbiegać od czegoś"",
    ""nienawidzić"",
    ""pokrzywdzić"",
    ""ścigać"",
    ""snuć intrygi"",
    ""obgadywać"",
    ""omijać"",
    ""uderzać w dumę"",
    ""krytykować"",
    ""unikać"",
    ""oskarżać"",
    ""zdenerwować się"",
    ""pohamować gniew"",
    ""rozczarować się"",
    ""zawieść się"",
    ""obgadywać"",
    ""zmartwić się"",
    ""nawracać"",
    ""obijać się"",
    ""zasmucać"",
    ""pochłaniać smutek"",
    ""trząść się ze strachu"",
    ""czekać z niecierpliwością"",
    ""wrzeszczeć"",
    ""martwić się"",
    ""zakłopotany"",
    ""nienawidzić"",
    ""czuć się przytłoczonym"",
    ""brnąć w smutki"",
    ""śmiać się w twarz"",
    ""zirytować się"",
    ""trząść się"",
    ""nie zazdrościć"",
    ""spuścić z tonu"",
    ""zły na kogoś"",
    ""tęsknić"",
    ""niecierpliwić się"",
    ""narzekać"",
    ""zrażać się"",
    ""smucić się"",
    ""przeżywać trudności"",
    ""nękać"",
    ""czuć się przytłoczonym"",
    ""odrzucić"",
    ""czuć się samotnym"",
    ""uśmiechać się ironicznie"",
    ""opadać z sił"",
    ""buntować się"",
    ""zdenerwować się"",
    ""nudzić się"",
    ""wymyślać sobie problemy"",
    ""nie zaliczać do grona przyjaciół"",
    ""być wściekłym na kogoś"",
    ""być w złym nastroju"",
    ""zatruwać atmosferę"",
    ""wahać się"",
    ""przygnębiać"",
    ""dręczyć się"",
    ""łkać nad sobą"",
    ""być przygnębionym"",
    ""bać się"",
    ""nie zazdrościć"",
    ""czuć się osaczonym"",
    ""smucić"",
    ""nienawidzić"",
    ""niecierpieć"",
    ""być oburzonym"",
    ""być zazdrosnym"",
    ""być przybitym"",
    ""być wściekłym""]","['podśmiewać się','spotwarzyć','roznieść','dyskutować','stękać','mamrotać','ryczeć',' odwzajemnić się','krztusić','odtrąbić','zapodawać','zabluffować','pływać','recytować','mieć na językach','wyrażać się',' rozmawiać','odwrzasnąć','odbąknąć','odrzec','rozpowiedzieć','wyduszać',' skłamać','poszeptywać','odpisać','politykować','naigrywać się','wyżalać się','udzielić odpowiedzi','przenieść','odwarknąć','wyzwać',' rozpowszechnić','dyktować','drwić','owijać w bawełnę','uskarżać się','pomścić','brechtać się','ponieść odpowiedzialność','gwarzyć','parskać','wypalać','wzdychać','wjeżdżać','hukać','dryfować','zwymyślać','napadać','rżeć','chichotać','szydzić','łgać','zwracać uwagę','drzeć łaszka','prześmiewać się','wybąkiwać','wypić piwo','odpysknąć','gawędzić','negocjować','rozgłosić','wygłaszać','napominać','odsalutować','zripostować','wycinać','kłamać',' naśmiewać się','dworować','głosić','lać','utyskiwać','odpokutować','dziamać','wypromować',' mówić','skarżyć się','wypłacić','kląć','dopowiadać','szprechać','pogadywać','rąbać','skontrować','piszczeć','posiać','rechotać','pyskować','przeszczepić','dysputować','odpowiedzieć','osławić','bęcnąć',' plotkować','wyszczególniać się',' obrazić','odmruknąć','odegrać się','bełkotać','odmówić','żartować','zjeść żabę','podrwiwać','ironizować','podśmiewywać się','francuzić','świntuszyć','zagasić','odwdzięczyć się','łachać','cedzić','rozminąć się z prawdą','nagłośnić','ugasić',' wypowiadać','władać','polecać','gadu-gadu','wylansować','skwitować','urągać','dać odpowiedź','nalatywać','obśmiewać się','mówić','zgasić','bluzgać','rozkrzewić','upominać','połknąć żabę','wykrztuszać','odkrzyknąć','odpłacić się','monologować','wychlipywać','obgadywać','pomścić się','odszeptywać','odbić piłeczkę','tokować','offtopować','walić','odszepnąć','odpłacić','gruchać','nabijać się','spopularyzować','skandować','grzmieć','wyrzucać','roztrąbić','rypać','polewać','zmawiać','przeklinać','zrobić z gęby cholewę','kpić','buczeć','drzeć łacha','zrobić z gęby cholewkę','oddać','obrabiać','ciąć','trzepać','odcierpieć','nasiać','wycierać gębę','udzielać wypowiedzi','znieważyć','narzekać','zaśmiewać się','rozprawiać','kwiczeć','mówić na ucho','odtelefonować','chichotać się','rozpropagować','zareplikować','odeprzeć','czatować','mruczeć','poniżyć','zełgać',' śmiać się','zemścić się','odpalić','huczeć','wyśmiewać się','odgwizdać','chatować','odwzajemnić','zrewanżować się','odciąć się','natrząsać się','wynieść',' odpowiedzieć','minąć się z prawdą','żalić się','rozmijać się z prawdą','radzić','pierdyknąć','upowszechnić','gaworzyć','szumieć','rozgadać','plotkować',' kpić','rozsiać','debatować','gadać','migać','beknąć','najeżdżać','nawymyślać','zablefować','rewizytować','podpowiadać','atakować','podkpiwać','podśmiechiwać się','odparować','deklamować','rozprzestrzenić','sączyć','konwersować','zasiać','odmawiać','odpyskować','pertraktować','rajcować','zareagować','rzucać','dialogować','obmawiać','odkłonić się','szeptać','rzucić słowo na wiatr','wołać','oddzwonić','odwzajemnić się','śmiać się','wypowiadać się','okłamać','wypłacić się','odkrztusić','mijać się z prawdą','ciupnąć']",,6.2.,Verbs of removing with negative charge,"ciąć 17, uprowadzić 1 (?), wygonić 1, ","sprawiać 1, zabrać 2, "
11: Szkodliwe działanie,"[""panoszyć się"",
    ""szarogęsić się"",
    ""figlować"",
    ""błaznować"",
    ""swawolić"",
    ""wygłupiać się"",
    ""rozrabiać"",
    ""zapominać się"",
    ""kpić"",
    ""drażnić"",
    ""szydzić"",
    ""upokarzać"",
    ""oszukiwać"",
    ""zdradzać"",
    ""kłamać"",
    ""wyśmiewać"",
    ""obgadywać"",
    ""gnębić"",
    ""szkodzić"",
    ""nękać"",
    ""zniszczyć"",
    ""podjudzać"",
    ""szkalować"",
    ""ośmieszać"",
    ""upokarzać"",
    ""oszczercać"",
    ""poniżać"",
    ""szkodzić"",
    ""zniszczyć"",
    ""nękać"",
    ""molestować"",
    ""znieważyć"",
    ""pokrzywdzić"",
    ""unikać"",
    ""wyśmiewać"",
    ""zastraszać"",
    ""krzywdzić"",
    ""szkalować"",
    ""oszczercać"",
    ""ośmieszać"",
    ""upokarzać"",
    ""ścigać"",
    ""nękać"",
    ""molestować"",
    ""krzywdzić"",
    ""wyśmiewać"",
    ""potępiać"",
    ""nawoływać do nienawiści"",
    ""krzywdzić"",
    ""szkalować"",
    ""oszczercać"",
    ""ośmieszać"",
    ""upokarzać"",
    ""ścigać"",
    ""nękać"",
    ""molestować"",
    ""zniszczyć"",
    ""poniżać"",
    ""zastraszać"",
    ""krzywdzić"",
    ""wyśmiewać"",
    ""zastraszać"",
    ""szkalować"",
    ""oszczercać"",
    ""ośmieszać"",
    ""upokarzać"",
    ""ścigać"",
    ""nękać"",
    ""molestować"",
    ""zniszczyć"",
    ""poniżać"",
    ""zastraszać"",
    ""potępiać"",
    ""nawoływać do nienawiści"",
    ""krzywdzić"",
    ""wyśmiewać"",
    ""zastraszać"",
    ""krzywdzić"",
    ""szkalować"",
    ""oszczercać"",
    ""ośmieszać"",
    ""upokarzać"",
    ""ścigać"",
    ""nękać"",
    ""molestować"",
    ""zniszczyć"",
    ""poniżać"",
    ""zastraszać"",
    ""potępiać"",
    ""wyśmiewać"",
    ""zastraszać"",
    ""potępiać"",
]","['spotwarzyć','kierować','wywodzić w pole','cackać się','zapeszać','strapić się','otumaniać','szarpać','zasmucić się','prokurować','podchodzić','dochowywać się','burzyć',' powodować','logować','zatroszczyć się','nacinać','obchodzić się','dziurawić','ułatwiać','zamydlać oczy','wzbijać','przywiązywać wagę','wyzwać','cofać','zostawać','srać','pogardzać','przygnębiać','gonić','robić dobrą minę do złej gry','o kant dupy potłuc','postępować','dystansować się','wystrychać','robić w konia','wystawiać do wiatru','mamić','cyganić','który wpływa na obiekt','grać na nosie',' zastać','patrzyć się','wyróżniać','pociągać','zwymyślać','ignorować','grzać','pozostawać','przyłapać','komunikować się','przejmować się','łgać','robić balona','obcinać','zdobywać podstępem','pchać','fetyszyzować','jarać','zatrwożyć się','przedziurawiać','mylić','martwić','kłamać','nękać','wyprowadzać w pole','razić','bawić się w chowanego','mydlić oczy','jebać','gryźć','o kant dupy rozbić','kitować','wyśmiewać','bawić się w kotka i myszkę','umartwiać','nabierać','zwodzić','bić','sprawiać się','bałaganić','popychać',' obrazić','patrzyć','pozostawiać','bajać','omijać szerokim łukiem','stawiać',' traktować','drążyć','uśmiercać','zapominać się','obciążać','wykołowywać','machlować','wygłupiać się','osaczać','ciągnąć','konserwować się','zmartwić się','sprawować się','wywoływać','certolić się','brać do serca','niszczyć','łudzić','porozumiewać się','ganiać','usypiać','gardzić','przechowywać się','tańczyć',' oszukiwać','sierocić się','panoszyć się','lekceważyć','odnosić się','marnować','uprzywilejowywać','obrzydzać','sprowadzać','robić','dawać','gnębić','mieć za nic','forować','patrzeć','przechytrzać','szarogęsić się','nachodzić','pocałować klamkę','znieważyć','hajcować','wciskać kit','figlować','podcierać się','błaznować','swawolić','rozrabiać','zostawiać','ucinać','wbijać','poniżyć','kłopotać','określać','zatroskać się','rolować','trapić','maskulinizować','pluć w twarz','patrzeć się','umożliwiać','wywalać','oszwabiać','bombardować','uniewinniać','szukać','rozbestwiać','uzyskiwać','rozwydrzać','rozmijać się z prawdą','pędzić','przytłaczać','ognić się','cyckać się','wiązać','punktować','zdybać','dezinformować',' zachowywać się','płonąć','palić','nawymyślać',' niepokoić','pomijać','unieruchamiać','mistyfikować','przekazywać','faworyzować','grzeszyć','denerwować','żyć','wzburzać','kontaktować się','gnać','pakować','rozzuchwalać','podstawiać','zbywać','robić z tata wariata','estetyzować','łączyć','sprawiać','rządzić się','wkładać','robić w balona','mijać się z prawdą','ciupnąć']",,6.3.,Verbs of removing with positive charge,,
,,"['cackać się','podkopać','obezwładnić','szerzyć','nadwyrężyć','fundować','podchodzić','nadszarpnąć się','oporządzać','nabywać','obchodzić się','uniemożliwić','przywiązywać wagę','pogardzać','o kant dupy potłuc','postępować','dystansować się','złagodzić','nadwyrężyć się','rozprząc',' oprawiać','patrzyć się','wykończyć','siec','zagrodzić','wyróżniać','przybliżać','ignorować','grzać','opóźniać','przeszkodzić','przejmować się','dokupywać','wypatroszać','pomieszać szyki','podciąć','rozłożyć','fetyszyzować','rozluźnić','ukłuć','upowszechniać','razić','stępić','jebać','o kant dupy rozbić',' przeszkodzić','wyśmiewać','umartwiać','nabierać','nadawać','zawadzić','napełniać','oślepić','bić','wycieńczyć','dynamizować','subskrybować','wykupywać','rozpowszechniać','patrzyć','wyniszczyć','nadwerężyć','omijać szerokim łukiem','zacierać','pokrzyżować plany',' traktować','przymulić','zagasić',' sprawiać','rzucić kłody pod nogi','rozdziewać','zakupywać','skupować','ugasić','sporządzać','certolić się','przyćmić','zatarasować','zgasić','wsławiać','brać do serca',' osłabić','sparaliżować','gardzić','sponsorować','zbliżać','wygłuszyć','bawić','rozwodnić','zmieniać','lekceważyć','podciąć nogi','spalić','odnosić się','marnować','uprzywilejowywać','zniszczyć','dawać','patroszyć','filetować','mieć za nic','zatamować','podłożyć nogę','rozproszyć','forować','utrudniać','patrzeć','oddalać','aktywować','ciąć','podstawić nogę','dostawać','zakańczać','wybebeszać','pokrzyżować','podcierać się','nadwerężyć się','podciąć kolana','wydelikacić','wbijać','przytępić','wybijać','pokrzyżować szyki','rozsławiać','powalić','odmieniać','pluć w twarz','patrzeć się','odkupywać','rozmywać','rozbierać','uniewinniać','dokupować','stonować','przestawiać','zaćmić','kupować kota w worku','zamącać','mącić','cyckać się','czynić','przerwać','popsuć szyki','opromieniać','wytłumić','zdekoncentrować','poskładać',' kupować','odfiletowywać','rozkojarzyć','pomijać','skręcić','oderwać','faworyzować','przemieszać','udaremnić','przykręcić','ściąć z nóg','zbywać','robić z tata wariata','estetyzować','bebeszyć','zablokować','rozrobić','sprawiać','rozprzestrzeniać','zrządzać']",,,,,
,,"['spotwarzyć','umieścić','dyskutować','uderzyć','pogrywać sobie','obchodzić','wyrobić','pływać','kurwić się','mieć na językach','napakować','zaatakować','rozciągnąć się','udzielić odpowiedzi','odwarknąć','podszyć się','obciąć','pogardzać','napieprzyć','zadzierać','owijać w bawełnę','uskarżać się','gwarzyć','zachowywać się','patrzyć się','wykończyć','dryfować','narowić','napadać','urobić','wypełnić','przejmować się','uchronić','odpysknąć','wygłaszać','zaświadczyć','iść za wzorem','odsalutować','zripostować','wycinać','dziamać','o kant dupy rozbić','pogadywać','powtórzyć','włazić w dupę','przypalić','sprawiać się','patrzyć','kombinować','omijać szerokim łukiem','zużyć',' traktować','francuzić','obrzydzić','nalatywać','certolić się','wylogować','gardzić','offtopować','odpłacić','lekceważyć','przygotować','marnować','zmawiać','zawiązać','podtrzymać','wyłamywać się','uciąć','odcierpieć','imitować','przerobić','nasikać','przyciąć','oszpecać','podcierać się','czatować','dać sobie radę','powiązać','zachowywać','zemścić się','okantować','odwzajemnić','sprawić',' odpowiedzieć','radzić','całować w tyłek','wprowadzić','rozzuchwalić','gaworzyć','plotkować','pogrywać','przeciwstawiać się','zaliczyć','nawymyślać','zrobić na szaro','odklepywać','podpowiadać','atakować','szpecić','odparować','deklamować','wyjaławiać','zubażać','podrzucić świnię','obmawiać',' recytować','zepsuć','odstawić','odtwarzać','odwzajemnić się','przytłoczyć','rąbnąć','obciążyć','ochładzać','cackać się','stękać','mamrotać','podbić cenę','wyciąć','wysrać','podchodzić','wyrażać się','obchodzić się','mieć przeciw','sfabrykować','prowadzić się','uprzedzić','wyzwać','o kant dupy potłuc','postępować','dystansować się','namieszać','który wpływa na obiekt','wzdychać','uśmiercić','wjeżdżać','zwymyślać','ignorować','upiec','łgać','wypić piwo','przerobić na szaro','fetyszyzować','napominać','ulokować','odpokutować','skarżyć się','zostawić','rąbać','skontrować','piszczeć','pyskować','bęcnąć',' plotkować',' obrazić','odmruknąć','zacierać','zjeść żabę','odwdzięczyć się','sprokurować','polecać','ubożyć','dać odpowiedź','całować tyłek','upominać','wykrztuszać','odkrzyknąć','spaskudzić się','wychlipywać','obgadywać','rozwydrzyć','tokować','zaostrzać się','wymienić','wyrzucać','rypać','zapeszyć','przeklinać','robić','wyrządzić','wzorować się','wpłynąć','mieć za nic','wykonać','rozprawiać','zareplikować','poniżyć','nabić','odpalić','zmaskulinizować','sporządzić','pluć w twarz','zburzyć','odciąć się','zadziałać','popsuć','żalić się','połączyć','urządzić','odjeżdżać','pierdyknąć','cyckać się',' pogarszać','stawiać opór','wytatuować','poczynać sobie','zorganizować','zalogować','spisywać się','uczynić','faworyzować','konwersować','odpyskować','myknąć','dialogować','skorzystać','odejść','oddzwonić','wypowiadać się','estetyzować','opieprzyć',' spreparować','mijać się z prawdą','użyć','ciupnąć','postawić',' odwzajemnić się','podrożyć','sprzeciwiać się','recytować','kierować się',' rozmawiać','ubiec','wyduszać','zesrać się','politykować','wyżalać się','wylewać dziecko z kąpielą','dyktować','zażartować','zacierać się','wypalać','hukać','rozmienić się na drobne','zniżać się','oddziałać','podłożyć świnię','zwracać uwagę','dołączyć','zadawać gwałt naturze','zmieszać','wytworzyć','wysługiwać się','oponować','kłamać','narobić','wyśmiewać','całować w dupę',' mówić','umartwiać','dopowiadać','szprechać','dążyć','dorobić','odpowiedzieć','wyszczególniać się','wypunktować','odegrać się','odmówić','zrobić coś ze sobą','włazić w tyłek','poradzić sobie','zagasić',' wypowiadać','zabajtlować','władać','skwitować','sprawować się','wypalić','zgotować','zgasić','brać do serca','sprowadzić','nie zauważyć','posuwać się','wywinąć','dowieść','odstręczyć','monologować','zakończyć','popchać','spróbować','skandować','odnosić się','trywializować','wzburzyć','forować','obrabiać','trzepać','przyszykować','frajerować się','umożliwić','udzielać wypowiedzi','znieważyć','iść za przykładem','odtelefonować','włożyć','natrzeć','mieć przeciwko','mruczeć','protestować','psuć','dać','określić','odgwizdać','chatować','wzbić','zrewanżować się','patrzeć się','zaczynać','rozmijać się z prawdą','wyrznąć','rewizytować','rajcować','rzucać','wybić','ubiegnąć','zbywać','rządzić się','negocjować','świntuszyć','cedzić',' zrobić','schładzać','krztusić','pozostawić','odtrąbić','zapodawać','popełnić','odwrzasnąć','odbąknąć','brać przykład','odrzec','zjarać',' postępować','poszeptywać','zbajtlować','odpisać','przywiązywać wagę','podziałać','zaostrzać','pomścić','ponieść odpowiedzialność','paskudzić','iść','przyrządzić','wyróżniać','prymitywizować','naprzeć','odrobić','podrobić','uzupełnić','wybąkiwać','wulgaryzować','gawędzić','głosić','utyskiwać','wypłacić','kląć','tchórzyć','przewalić','przedziurawić','dysputować','bełkotać','naśladować','ugasić','polecieć','gadu-gadu','mówić','bluzgać','rozbestwić','pogłębiać się','połknąć żabę','odpłacić się','uśpić','pozbawić życia','pomścić się','odszeptywać','odbić piłeczkę','walić','odszepnąć','wypiec','gruchać','grzmieć','czapkować','spalić','uprzywilejowywać','dokonać','brać wzór','buczeć','upakować','wyrzeźbić','oddać','ciąć','patrzeć','nabałaganić','zmierzać','pociągnąć','wycierać gębę','narzekać','mówić na ucho','odeprzeć','wbijać','huczeć','zubożać','walnąć','uniewinniać','wychujać','odwalić','oziębiać','czynić','wyprzedzić','szumieć','trzasnąć','wydrapać','debatować','gadać','migać','beknąć','najeżdżać','wyrżnąć','pomijać','sączyć','odmawiać','pertraktować','wywołać','zareagować','ojebać','wyprawić',' spowodować','odkłonić się','kroczyć','szeptać','nasrać','wołać','robić z tata wariata','wypłacić się','odkrztusić']",,7,Negatively charged change of state,"obrażać 1, zaczynać 5, przestraszyć się 1, struchleć 1, upierdolić 1, zabrudzić 1, zasmradzać 1, przybrudzić 1, dobijać 16, pogarszać 1#, prymityzować 2, trywializować 1, wyjaławiać 2, zagrzybiać 1, nabałaganić 1, rozwydrzyć 1, zapleśnieć 1, zepsuć się 2, rozzuchwalać 1, spełzać 1, ","zachowywać się 1, doświadczyć negatywnego uczucia 1, zanieczyścić 1, zanieczyszczać 1, pogarszać 1, zanieczyszczać 2, zrobić 3, spowodować 1, pokryć się 1, stracić 1, powodować 1, 
"
,,,,,,,
,,,,7.1,,"uzupełniać 4, ulepszać 1, naprawić 1, pucować 1, przytomnieć 1, ulepszyć 1, odremontować 1, uporządkować 2, otrzepać 1, dokarmić 1, ","zmieniać 1, przywrócić 1, czyścić 1, powracać 4, zmienić 1, odnowić 1, zorganizować 6, oczyścić 1, 
"
,,,,,,,
,,,,8,Bodily state and damage to the body,"bić 5, umartwiać 1, udręczyć 1, struć 1, zaszkodzić 1, nadwyrężyć się 1, podciąć nogi 1, poskładać 16, powalić 1, wykończyć 2, zniszczyć 4, ściąć z nóg 1, ugryźć 1, wykończać 3, oszpecać 1, psuć 6, ","traktować 1, zmęczyć 2, osłabić 1, zranić 1, osłabiać 2, pogarszać 1, "
,,,,,,,
,,,,9,Aspectual verbs,,
,,,,9.1.,"Initiation, continuation of activity, and sustaining","aktywować 1, czynić 2, napełniać 5, rozbierać 3, rozpowszechniać 1, zrządzać 1, załączać 2, uruchamiać 3, ","sprawiać 1, "
,,,,9.2.,Termination of activity,,
,,,,,,,
,,,,10,Preservation,"bronić 5, bronić 2, oszczędzać 2, osłaniać 3, przechowywać 3, ubezpieczać 2, zabezpieczać się 2, mumifikować 1 (?), uzdrawiać 1, ","chronić 1, przywracać 2, "
,,,,,,,
,,,,11,Verbs of destruction and killing,"marnować 2, przemieszać 4, ","traktować 1, "
,,,,,,,
,,,,15,Obtaining,"wyłudzić 1, oszczędzić 3, uprowadzić 1 (?), przekupywać 1, zakontraktować 1, zainkasować 1, kraść 1 (?)","S zdobyć podstępem 1, znieść 10, zabrać 2, zamówić 3, uzyskać 1, przywłaszczać 1, "
,,,,16.2.,,"osławić 2 (?), rozpaplać 1, odburknąć 1, odbąknąć 1, odpalić 1, odpyskować 1, kpić 1, pokpiwać 1, zniechęcić 1, pyskować 1, przeinaczać 1 (?), zwymyślać 1, zmyślić 1, ","rozpowszechnić 1, odpowiedzieć 2, śmiać się 2, S wzbudzić uczucia negatywne 1, mówić 2, deformować 1 (?), obrazić 1, skłamać 1, "
,,,,23.1.,,"gardzić 1, ignorować 1, mieć gdzieś 1, o kant dupy rozbić 1, omijać szerokim łukiem 1, podcierać się 1, pomijać 2, wyśmiewać 1, zbywać 2, obrażać 1, panoszyć się 2, tańczyć 4, grzeszyć 2, kpić 1, rozczarowywać 1, upokorzyć 1, poniżyć 1, denerwować 1, niecierpliwić 1, przydybać 1, przyłapać 1, zwymyślać 1, rozzuchwalać 1, łudzić 1, ","traktować 1, zachowywać się 1, S wzbudzać uczucia negatywne 1, obrazić 1, niepokoić 1, zastać 1, powodować 1, oszukiwać 1, "
,,,,24?,,"doświadczać 1, utrudniać 1, spalić 11, uniemożliwić 1, zniechęcić 1 (?), zatarasować 1, przeszkodzić 2,","traktować 1, sprawiać 1, osłabić 1, przeszkodzić 1, S wzbudzić uczucia negatywne 1, przeszkodzić 1, "
,,,,27,,"kurwić się 1, lizać dupę 1, małpować 1, snobować się 1, zerżnąć 6, zrzynać 5, poczynać sobie 1, wyłamywać się 1, zadawać gwałt naturze 1, odburknąć 1, odbąknąć 1, odpyskować 1, wyłudzić 1, pyskować 1, dobijać 16, oszpecać 1, prymityzować2, sfabrykować 1, przeinaczać 1 (?), nabałaganić 1, odklepywać 1, rozwydrzyć 1, rozwlekać 3 (?), bębnić 4 (?), przydybać 1, zwymyślać 1, ","postępować 2, odpowiedzieć 2, mówić 2, pogarszać 1, spreparować 2, deformować 1 (?), zrobić 3, recytować 1, spowodować 1, obrazić 1, "